{
    "6": {
        "Learning(Verb)_2": 1.16787,
        "Learning(Verb)_4": 3.598719,
        "Learning(Noun)_3": 6.75109,
        "Learning(Noun)_5": 9.261099,
        "Learning(Association)_2": 11.643258,
        "Learning(Association)_4": 13.580333
    }
}
